ID,EXT1,EXT2,EXT3,EXT4,EXT5,EXT6,EXT7,EXT8,EXT9,EXT10,OPN1,OPN2,OPN3,OPN4,OPN5,OPN6,OPN7,OPN8,OPN9,OPN10,EST1,EST2,EST3,EST4,EST5,EST6,EST7,EST8,EST9,EST10,AGR1,AGR2,AGR3,AGR4,AGR5,AGR6,AGR7,AGR8,AGR9,AGR10,CON1,CON2,CON3,CON4,CON5,CON6,CON7,CON8,CON9,CON10
1,5.0,3.0,4.0,4.0,2.0,1.0,3.0,4.0,2.0,3.0,1.0,3.0,3.0,3.0,5.0,1.0,3.0,2.0,4.0,3.0,2.0,3.0,2.0,2.0,3.0,4.0,3.0,3.0,2.0,3.0,1.0,4.0,4.0,3.0,5.0,3.0,3.0,3.0,1.0,3.0,4.0,2.0,4.0,3.0,1.0,3.0,3.0,3.0,3.0,3.0
2,5.0,2.0,4.0,3.0,3.0,2.0,2.0,4.0,3.0,3.0,1.0,3.0,4.0,4.0,3.0,3.0,3.0,5.0,4.0,4.0,1.0,2.0,2.0,4.0,3.0,5.0,5.0,3.0,5.0,4.0,1.0,2.0,4.0,3.0,3.0,3.0,3.0,3.0,4.0,2.0,5.0,3.0,3.0,2.0,3.0,1.0,1.0,1.0,2.0,3.0
3,4.0,3.0,3.0,3.0,3.0,2.0,3.0,2.0,3.0,3.0,1.0,4.0,4.0,3.0,2.0,5.0,2.0,4.0,2.0,2.0,2.0,2.0,4.0,4.0,2.0,1.0,3.0,4.0,4.0,3.0,2.0,2.0,3.0,4.0,3.0,5.0,3.0,3.0,4.0,2.0,4.0,3.0,3.0,2.0,3.0,4.0,3.0,3.0,3.0,3.0
4,4.0,3.0,3.0,3.0,2.0,4.0,4.0,3.0,3.0,2.0,2.0,1.0,3.0,3.0,2.0,1.0,3.0,4.0,4.0,4.0,2.0,2.0,5.0,4.0,2.0,3.0,5.0,5.0,5.0,4.0,2.0,3.0,4.0,3.0,3.0,4.0,2.0,2.0,2.0,3.0,5.0,2.0,3.0,3.0,3.0,4.0,3.0,4.0,4.0,5.0
5,4.0,2.0,3.0,4.0,3.0,1.0,4.0,4.0,4.0,4.0,2.0,2.0,4.0,4.0,2.0,1.0,4.0,4.0,4.0,4.0,1.0,3.0,3.0,3.0,2.0,1.0,4.0,4.0,3.0,2.0,1.0,3.0,3.0,2.0,3.0,5.0,4.0,3.0,3.0,3.0,4.0,4.0,3.0,3.0,3.0,4.0,4.0,4.0,4.0,3.0
6,4.0,3.0,1.0,2.0,3.0,5.0,3.0,3.0,2.0,2.0,2.0,1.0,3.0,4.0,3.0,5.0,4.0,4.0,4.0,4.0,2.0,4.0,2.0,2.0,4.0,1.0,2.0,2.0,2.0,2.0,2.0,4.0,3.0,2.0,4.0,4.0,2.0,2.0,3.0,3.0,4.0,2.0,5.0,4.0,1.0,5.0,4.0,5.0,5.0,5.0
7,5.0,3.0,2.0,3.0,2.0,2.0,3.0,2.0,4.0,3.0,1.0,1.0,5.0,4.0,2.0,4.0,4.0,5.0,4.0,4.0,1.0,2.0,3.0,4.0,3.0,5.0,4.0,4.0,4.0,4.0,2.0,4.0,2.0,2.0,4.0,5.0,2.0,2.0,3.0,2.0,4.0,3.0,3.0,4.0,2.0,3.0,3.0,4.0,5.0,4.0
8,4.0,1.0,5.0,5.0,1.0,3.0,5.0,5.0,5.0,5.0,1.0,3.0,3.0,3.0,2.0,1.0,3.0,3.0,2.0,3.0,1.0,4.0,1.0,3.0,4.0,1.0,2.0,2.0,2.0,2.0,2.0,2.0,4.0,4.0,3.0,4.0,4.0,3.0,4.0,4.0,5.0,3.0,4.0,4.0,4.0,5.0,4.0,2.0,3.0,3.0
9,5.0,3.0,2.0,2.0,4.0,2.0,3.0,3.0,2.0,3.0,2.0,4.0,2.0,2.0,4.0,1.0,1.0,2.0,1.0,1.0,1.0,3.0,3.0,4.0,2.0,1.0,2.0,4.0,2.0,3.0,2.0,5.0,3.0,3.0,3.0,5.0,3.0,2.0,3.0,3.0,4.0,3.0,3.0,4.0,3.0,3.0,3.0,3.0,4.0,3.0
10,5.0,2.0,5.0,3.0,3.0,5.0,4.0,3.0,5.0,3.0,2.0,4.0,1.0,2.0,4.0,5.0,2.0,1.0,2.0,1.0,2.0,2.0,4.0,4.0,3.0,5.0,4.0,4.0,5.0,4.0,2.0,2.0,3.0,3.0,3.0,1.0,3.0,3.0,4.0,3.0,5.0,3.0,2.0,2.0,3.0,1.0,3.0,2.0,3.0,2.0
11,4.0,3.0,3.0,2.0,3.0,3.0,3.0,4.0,2.0,3.0,1.0,3.0,3.0,2.0,5.0,1.0,3.0,3.0,2.0,2.0,2.0,4.0,1.0,2.0,3.0,3.0,2.0,3.0,3.0,4.0,2.0,3.0,2.0,2.0,3.0,4.0,4.0,2.0,2.0,2.0,5.0,1.0,4.0,4.0,3.0,3.0,4.0,4.0,5.0,5.0
12,5.0,2.0,5.0,4.0,2.0,1.0,5.0,5.0,5.0,3.0,2.0,2.0,4.0,3.0,2.0,1.0,4.0,3.0,4.0,3.0,2.0,3.0,4.0,2.0,3.0,3.0,1.0,3.0,3.0,3.0,2.0,3.0,2.0,3.0,3.0,5.0,1.0,3.0,2.0,3.0,4.0,4.0,3.0,1.0,4.0,5.0,2.0,2.0,2.0,2.0
13,5.0,3.0,3.0,2.0,4.0,1.0,3.0,3.0,3.0,2.0,1.0,3.0,3.0,4.0,3.0,3.0,3.0,2.0,3.0,3.0,2.0,4.0,1.0,3.0,5.0,4.0,1.0,2.0,1.0,2.0,1.0,3.0,2.0,3.0,4.0,5.0,2.0,3.0,2.0,2.0,5.0,3.0,2.0,3.0,3.0,1.0,2.0,2.0,1.0,3.0
14,4.0,3.0,3.0,2.0,4.0,4.0,4.0,3.0,4.0,4.0,2.0,2.0,3.0,3.0,3.0,1.0,3.0,3.0,3.0,3.0,2.0,4.0,2.0,2.0,4.0,1.0,2.0,1.0,1.0,2.0,2.0,4.0,3.0,2.0,4.0,2.0,2.0,3.0,2.0,3.0,4.0,4.0,2.0,3.0,4.0,2.0,1.0,2.0,2.0,2.0
15,5.0,1.0,5.0,4.0,1.0,4.0,5.0,5.0,5.0,5.0,2.0,2.0,4.0,3.0,2.0,3.0,5.0,3.0,4.0,4.0,2.0,4.0,2.0,3.0,5.0,1.0,3.0,3.0,2.0,3.0,1.0,3.0,2.0,3.0,3.0,3.0,2.0,2.0,3.0,3.0,4.0,3.0,3.0,4.0,3.0,5.0,4.0,2.0,2.0,4.0
16,4.0,3.0,3.0,2.0,4.0,4.0,3.0,3.0,2.0,2.0,1.0,3.0,3.0,3.0,3.0,2.0,4.0,3.0,3.0,3.0,2.0,1.0,5.0,4.0,1.0,2.0,4.0,5.0,3.0,5.0,2.0,3.0,3.0,3.0,3.0,2.0,4.0,4.0,4.0,3.0,4.0,2.0,3.0,4.0,2.0,2.0,4.0,2.0,3.0,4.0
17,4.0,2.0,4.0,3.0,2.0,3.0,4.0,3.0,3.0,3.0,2.0,5.0,2.0,1.0,5.0,2.0,1.0,1.0,1.0,1.0,2.0,3.0,2.0,4.0,2.0,5.0,3.0,4.0,3.0,3.0,1.0,1.0,4.0,4.0,2.0,5.0,3.0,5.0,5.0,5.0,5.0,2.0,5.0,5.0,1.0,3.0,5.0,4.0,5.0,5.0
18,4.0,2.0,3.0,4.0,3.0,2.0,3.0,3.0,3.0,3.0,1.0,5.0,2.0,2.0,3.0,4.0,2.0,1.0,2.0,1.0,2.0,1.0,5.0,5.0,1.0,4.0,5.0,5.0,4.0,5.0,1.0,2.0,4.0,4.0,3.0,5.0,4.0,4.0,3.0,3.0,4.0,4.0,3.0,3.0,4.0,5.0,3.0,3.0,3.0,3.0
19,5.0,5.0,1.0,1.0,5.0,5.0,1.0,1.0,2.0,1.0,2.0,1.0,4.0,4.0,1.0,1.0,5.0,4.0,4.0,5.0,2.0,1.0,4.0,5.0,1.0,2.0,4.0,4.0,4.0,5.0,2.0,4.0,3.0,3.0,3.0,1.0,2.0,2.0,3.0,2.0,5.0,3.0,2.0,3.0,3.0,1.0,3.0,4.0,3.0,3.0
20,4.0,2.0,4.0,4.0,3.0,3.0,3.0,4.0,5.0,4.0,2.0,2.0,3.0,3.0,3.0,2.0,3.0,4.0,4.0,3.0,2.0,1.0,3.0,3.0,2.0,3.0,4.0,4.0,4.0,4.0,1.0,4.0,2.0,3.0,3.0,5.0,2.0,2.0,3.0,2.0,4.0,5.0,1.0,1.0,5.0,3.0,1.0,1.0,1.0,1.0
21,5.0,4.0,3.0,3.0,3.0,5.0,2.0,1.0,2.0,3.0,1.0,5.0,1.0,1.0,5.0,1.0,1.0,1.0,2.0,1.0,1.0,4.0,2.0,2.0,4.0,5.0,2.0,2.0,2.0,1.0,1.0,5.0,1.0,1.0,5.0,2.0,1.0,1.0,1.0,1.0,5.0,4.0,3.0,3.0,2.0,1.0,3.0,3.0,2.0,3.0
22,4.0,2.0,4.0,4.0,2.0,3.0,3.0,3.0,4.0,3.0,1.0,2.0,3.0,4.0,3.0,5.0,2.0,3.0,3.0,3.0,1.0,3.0,3.0,4.0,3.0,1.0,3.0,3.0,4.0,3.0,2.0,3.0,3.0,2.0,5.0,5.0,3.0,1.0,3.0,2.0,5.0,3.0,3.0,3.0,3.0,2.0,2.0,3.0,3.0,3.0
23,5.0,3.0,3.0,3.0,2.0,3.0,3.0,3.0,2.0,4.0,2.0,2.0,5.0,5.0,1.0,1.0,5.0,4.0,4.0,4.0,1.0,4.0,2.0,1.0,4.0,4.0,2.0,2.0,2.0,1.0,1.0,4.0,1.0,2.0,4.0,5.0,2.0,1.0,3.0,3.0,5.0,4.0,4.0,3.0,3.0,3.0,2.0,2.0,3.0,3.0
24,5.0,5.0,1.0,2.0,4.0,4.0,2.0,1.0,2.0,2.0,1.0,4.0,2.0,4.0,1.0,5.0,3.0,4.0,3.0,3.0,1.0,4.0,2.0,3.0,3.0,5.0,3.0,2.0,4.0,3.0,2.0,3.0,3.0,4.0,3.0,3.0,3.0,2.0,4.0,3.0,5.0,1.0,4.0,4.0,2.0,5.0,4.0,4.0,4.0,5.0
25,4.0,5.0,2.0,2.0,4.0,5.0,2.0,2.0,2.0,2.0,2.0,2.0,4.0,3.0,4.0,1.0,3.0,3.0,2.0,3.0,1.0,3.0,3.0,3.0,4.0,1.0,3.0,3.0,3.0,2.0,1.0,1.0,5.0,4.0,2.0,4.0,3.0,5.0,3.0,5.0,4.0,2.0,4.0,4.0,3.0,4.0,3.0,3.0,2.0,4.0
26,4.0,3.0,2.0,4.0,4.0,5.0,3.0,3.0,3.0,3.0,1.0,5.0,2.0,1.0,5.0,2.0,1.0,1.0,1.0,1.0,1.0,3.0,3.0,3.0,2.0,4.0,4.0,3.0,4.0,3.0,2.0,3.0,4.0,3.0,3.0,5.0,4.0,3.0,3.0,3.0,5.0,4.0,2.0,3.0,3.0,2.0,1.0,3.0,2.0,2.0
27,4.0,1.0,5.0,4.0,1.0,3.0,5.0,5.0,5.0,4.0,1.0,3.0,2.0,2.0,3.0,4.0,3.0,2.0,3.0,3.0,1.0,2.0,4.0,4.0,2.0,3.0,4.0,4.0,3.0,4.0,1.0,5.0,1.0,2.0,5.0,4.0,2.0,1.0,2.0,1.0,5.0,5.0,2.0,2.0,4.0,5.0,3.0,2.0,2.0,3.0
28,5.0,1.0,5.0,5.0,2.0,2.0,4.0,5.0,4.0,5.0,1.0,5.0,1.0,2.0,5.0,1.0,2.0,1.0,1.0,1.0,1.0,3.0,2.0,3.0,3.0,5.0,3.0,4.0,2.0,3.0,2.0,2.0,3.0,3.0,3.0,1.0,3.0,2.0,3.0,3.0,5.0,4.0,2.0,1.0,4.0,4.0,2.0,2.0,2.0,2.0
29,4.0,2.0,3.0,2.0,2.0,1.0,4.0,4.0,3.0,2.0,1.0,5.0,2.0,1.0,5.0,5.0,2.0,1.0,3.0,2.0,1.0,1.0,4.0,4.0,3.0,2.0,5.0,4.0,4.0,4.0,2.0,4.0,3.0,3.0,4.0,5.0,3.0,2.0,3.0,2.0,4.0,4.0,3.0,2.0,3.0,1.0,2.0,2.0,3.0,2.0
30,5.0,1.0,4.0,4.0,3.0,4.0,4.0,4.0,3.0,4.0,1.0,5.0,2.0,2.0,4.0,2.0,2.0,3.0,1.0,2.0,1.0,5.0,2.0,2.0,5.0,4.0,1.0,3.0,2.0,1.0,2.0,3.0,4.0,4.0,2.0,5.0,4.0,5.0,4.0,5.0,5.0,2.0,3.0,3.0,3.0,5.0,3.0,4.0,4.0,3.0
31,5.0,3.0,4.0,3.0,1.0,1.0,4.0,4.0,3.0,4.0,1.0,1.0,4.0,5.0,1.0,3.0,5.0,4.0,5.0,5.0,1.0,3.0,3.0,3.0,2.0,1.0,2.0,4.0,3.0,4.0,2.0,5.0,1.0,1.0,5.0,3.0,1.0,2.0,1.0,1.0,5.0,5.0,2.0,2.0,5.0,3.0,2.0,1.0,2.0,2.0
32,4.0,4.0,2.0,4.0,4.0,5.0,3.0,2.0,2.0,2.0,2.0,2.0,4.0,5.0,2.0,3.0,5.0,3.0,4.0,4.0,1.0,4.0,3.0,3.0,5.0,3.0,3.0,2.0,2.0,2.0,1.0,4.0,1.0,2.0,4.0,5.0,2.0,2.0,2.0,4.0,4.0,2.0,4.0,3.0,3.0,3.0,3.0,2.0,3.0,3.0
33,4.0,4.0,1.0,3.0,3.0,5.0,3.0,2.0,2.0,2.0,2.0,2.0,5.0,4.0,2.0,2.0,5.0,4.0,4.0,4.0,2.0,2.0,5.0,4.0,1.0,5.0,4.0,3.0,4.0,3.0,2.0,2.0,3.0,4.0,3.0,3.0,3.0,5.0,4.0,4.0,4.0,1.0,4.0,4.0,2.0,5.0,4.0,5.0,5.0,3.0
34,5.0,2.0,3.0,4.0,3.0,2.0,3.0,3.0,4.0,4.0,1.0,5.0,1.0,2.0,5.0,1.0,1.0,1.0,1.0,3.0,2.0,2.0,4.0,3.0,2.0,2.0,3.0,4.0,4.0,4.0,2.0,4.0,2.0,1.0,3.0,3.0,2.0,2.0,1.0,2.0,4.0,3.0,2.0,1.0,4.0,3.0,2.0,1.0,2.0,2.0
35,4.0,4.0,2.0,2.0,3.0,5.0,1.0,3.0,2.0,2.0,2.0,2.0,4.0,4.0,3.0,2.0,3.0,3.0,4.0,4.0,1.0,5.0,2.0,1.0,4.0,5.0,1.0,2.0,1.0,2.0,2.0,3.0,5.0,4.0,3.0,4.0,5.0,3.0,4.0,4.0,4.0,3.0,4.0,2.0,3.0,5.0,3.0,3.0,3.0,3.0
36,4.0,2.0,5.0,5.0,2.0,4.0,4.0,5.0,4.0,4.0,2.0,4.0,2.0,2.0,5.0,1.0,2.0,1.0,3.0,2.0,1.0,1.0,5.0,5.0,2.0,5.0,5.0,4.0,4.0,5.0,1.0,5.0,3.0,1.0,5.0,5.0,3.0,2.0,1.0,1.0,4.0,5.0,2.0,2.0,4.0,5.0,1.0,2.0,3.0,1.0
37,5.0,5.0,2.0,3.0,5.0,4.0,1.0,2.0,1.0,1.0,2.0,2.0,3.0,1.0,4.0,1.0,2.0,1.0,3.0,1.0,2.0,2.0,3.0,4.0,3.0,3.0,3.0,3.0,4.0,3.0,2.0,2.0,4.0,3.0,3.0,5.0,5.0,4.0,3.0,5.0,5.0,5.0,1.0,1.0,5.0,3.0,1.0,1.0,1.0,1.0
38,4.0,3.0,2.0,3.0,4.0,2.0,2.0,1.0,1.0,2.0,2.0,2.0,5.0,3.0,3.0,2.0,4.0,5.0,3.0,3.0,2.0,2.0,5.0,5.0,1.0,2.0,5.0,5.0,5.0,5.0,2.0,4.0,3.0,3.0,3.0,5.0,4.0,1.0,3.0,3.0,5.0,3.0,3.0,3.0,3.0,4.0,1.0,2.0,2.0,3.0
39,4.0,2.0,5.0,4.0,2.0,4.0,5.0,3.0,4.0,5.0,1.0,2.0,4.0,4.0,2.0,5.0,3.0,3.0,4.0,3.0,1.0,3.0,4.0,3.0,3.0,1.0,3.0,3.0,4.0,2.0,2.0,3.0,2.0,3.0,2.0,5.0,2.0,3.0,2.0,2.0,4.0,4.0,3.0,2.0,4.0,4.0,1.0,1.0,3.0,3.0
40,5.0,3.0,4.0,3.0,3.0,1.0,4.0,3.0,3.0,3.0,1.0,3.0,4.0,3.0,3.0,5.0,3.0,4.0,3.0,3.0,1.0,1.0,4.0,5.0,3.0,2.0,4.0,4.0,5.0,4.0,2.0,3.0,4.0,4.0,2.0,5.0,3.0,4.0,4.0,4.0,4.0,2.0,3.0,5.0,2.0,4.0,3.0,3.0,4.0,3.0
41,5.0,4.0,3.0,2.0,4.0,3.0,2.0,2.0,3.0,3.0,1.0,5.0,1.0,2.0,3.0,4.0,2.0,1.0,2.0,1.0,1.0,4.0,4.0,3.0,4.0,5.0,3.0,4.0,3.0,4.0,2.0,3.0,2.0,3.0,3.0,5.0,2.0,3.0,3.0,2.0,5.0,3.0,3.0,2.0,3.0,5.0,3.0,3.0,3.0,4.0
42,5.0,1.0,4.0,3.0,2.0,2.0,4.0,4.0,3.0,4.0,2.0,3.0,4.0,4.0,3.0,1.0,3.0,2.0,3.0,2.0,1.0,3.0,5.0,5.0,3.0,2.0,3.0,3.0,3.0,2.0,1.0,3.0,2.0,2.0,5.0,5.0,4.0,2.0,3.0,2.0,4.0,5.0,2.0,2.0,4.0,1.0,3.0,2.0,1.0,3.0
43,5.0,3.0,4.0,4.0,1.0,2.0,4.0,5.0,4.0,5.0,2.0,2.0,4.0,3.0,2.0,2.0,3.0,3.0,3.0,4.0,2.0,2.0,4.0,3.0,3.0,4.0,3.0,3.0,2.0,3.0,1.0,5.0,2.0,3.0,3.0,4.0,3.0,1.0,2.0,2.0,4.0,2.0,5.0,4.0,2.0,2.0,5.0,4.0,4.0,4.0
44,5.0,2.0,4.0,4.0,2.0,2.0,4.0,4.0,3.0,3.0,1.0,3.0,2.0,3.0,4.0,1.0,3.0,2.0,3.0,3.0,1.0,3.0,3.0,3.0,3.0,2.0,3.0,3.0,3.0,3.0,2.0,5.0,1.0,2.0,4.0,4.0,1.0,2.0,1.0,1.0,4.0,3.0,3.0,4.0,3.0,1.0,3.0,4.0,4.0,4.0
45,5.0,3.0,4.0,4.0,4.0,2.0,2.0,3.0,3.0,2.0,1.0,3.0,4.0,3.0,3.0,2.0,2.0,2.0,4.0,3.0,1.0,3.0,2.0,3.0,3.0,1.0,2.0,2.0,2.0,3.0,1.0,4.0,3.0,2.0,4.0,1.0,1.0,2.0,1.0,1.0,4.0,4.0,3.0,3.0,4.0,5.0,3.0,2.0,3.0,2.0
46,5.0,2.0,4.0,3.0,1.0,5.0,5.0,3.0,3.0,3.0,2.0,3.0,1.0,2.0,5.0,4.0,1.0,1.0,1.0,1.0,2.0,2.0,3.0,2.0,4.0,4.0,3.0,3.0,2.0,3.0,1.0,4.0,2.0,1.0,5.0,4.0,1.0,1.0,1.0,1.0,5.0,3.0,3.0,3.0,2.0,1.0,3.0,3.0,4.0,4.0
47,5.0,3.0,3.0,3.0,2.0,1.0,4.0,3.0,3.0,4.0,2.0,5.0,1.0,2.0,5.0,3.0,1.0,2.0,1.0,1.0,2.0,2.0,4.0,3.0,3.0,1.0,4.0,4.0,4.0,4.0,2.0,1.0,5.0,5.0,1.0,3.0,5.0,5.0,5.0,5.0,4.0,4.0,2.0,1.0,4.0,5.0,3.0,2.0,1.0,2.0
48,5.0,3.0,4.0,4.0,2.0,4.0,4.0,4.0,4.0,5.0,2.0,1.0,5.0,4.0,1.0,4.0,4.0,4.0,5.0,5.0,2.0,3.0,4.0,2.0,3.0,2.0,4.0,4.0,4.0,3.0,2.0,3.0,2.0,4.0,4.0,3.0,4.0,4.0,4.0,3.0,5.0,5.0,1.0,1.0,5.0,4.0,1.0,1.0,1.0,1.0
49,4.0,1.0,5.0,5.0,1.0,1.0,5.0,5.0,5.0,5.0,2.0,3.0,3.0,3.0,2.0,1.0,2.0,4.0,5.0,2.0,1.0,2.0,4.0,4.0,2.0,4.0,2.0,3.0,3.0,3.0,2.0,3.0,3.0,3.0,2.0,4.0,4.0,4.0,3.0,3.0,5.0,3.0,2.0,3.0,3.0,1.0,3.0,3.0,2.0,2.0
50,5.0,2.0,4.0,4.0,4.0,5.0,3.0,4.0,4.0,3.0,1.0,4.0,2.0,3.0,3.0,1.0,2.0,3.0,2.0,2.0,2.0,5.0,1.0,1.0,3.0,2.0,1.0,2.0,1.0,1.0,2.0,3.0,2.0,1.0,3.0,1.0,2.0,2.0,2.0,3.0,4.0,4.0,1.0,2.0,5.0,1.0,2.0,1.0,2.0,3.0
51,5.0,4.0,2.0,2.0,3.0,4.0,1.0,2.0,2.0,2.0,2.0,2.0,4.0,5.0,2.0,5.0,2.0,4.0,4.0,4.0,1.0,2.0,4.0,4.0,3.0,5.0,3.0,4.0,4.0,4.0,1.0,2.0,3.0,4.0,3.0,4.0,3.0,5.0,4.0,4.0,5.0,3.0,2.0,4.0,4.0,3.0,2.0,3.0,3.0,3.0
52,4.0,2.0,4.0,4.0,1.0,1.0,4.0,4.0,4.0,4.0,1.0,3.0,2.0,1.0,4.0,5.0,3.0,2.0,1.0,2.0,1.0,5.0,2.0,2.0,3.0,5.0,2.0,3.0,3.0,2.0,2.0,3.0,5.0,3.0,2.0,5.0,3.0,3.0,5.0,4.0,5.0,2.0,3.0,3.0,2.0,3.0,3.0,4.0,4.0,4.0
53,4.0,3.0,4.0,3.0,3.0,4.0,3.0,4.0,4.0,4.0,1.0,2.0,3.0,4.0,2.0,2.0,3.0,3.0,2.0,3.0,1.0,5.0,1.0,2.0,5.0,1.0,1.0,1.0,1.0,1.0,1.0,2.0,4.0,4.0,3.0,1.0,4.0,4.0,3.0,3.0,5.0,5.0,1.0,2.0,5.0,4.0,2.0,1.0,2.0,1.0
54,5.0,3.0,4.0,5.0,3.0,2.0,3.0,4.0,3.0,4.0,1.0,2.0,4.0,3.0,2.0,2.0,4.0,4.0,4.0,5.0,1.0,1.0,5.0,4.0,1.0,1.0,5.0,4.0,5.0,4.0,1.0,2.0,3.0,3.0,4.0,5.0,3.0,3.0,3.0,3.0,4.0,3.0,3.0,3.0,2.0,1.0,3.0,4.0,3.0,3.0
55,4.0,1.0,3.0,4.0,4.0,3.0,4.0,3.0,3.0,4.0,1.0,4.0,1.0,2.0,5.0,4.0,1.0,2.0,2.0,1.0,1.0,2.0,4.0,5.0,2.0,2.0,5.0,4.0,4.0,4.0,2.0,2.0,4.0,4.0,2.0,5.0,3.0,4.0,3.0,4.0,4.0,2.0,4.0,4.0,1.0,3.0,4.0,3.0,5.0,3.0
56,5.0,4.0,3.0,3.0,3.0,1.0,2.0,1.0,1.0,2.0,2.0,4.0,3.0,3.0,4.0,3.0,4.0,2.0,2.0,3.0,1.0,2.0,5.0,4.0,2.0,5.0,4.0,4.0,3.0,3.0,2.0,4.0,2.0,2.0,3.0,5.0,2.0,3.0,1.0,3.0,5.0,5.0,1.0,1.0,5.0,1.0,1.0,1.0,1.0,1.0
57,4.0,3.0,2.0,3.0,3.0,5.0,3.0,2.0,3.0,3.0,2.0,4.0,2.0,1.0,5.0,3.0,2.0,1.0,2.0,1.0,2.0,2.0,5.0,4.0,3.0,4.0,4.0,5.0,5.0,3.0,1.0,3.0,3.0,3.0,2.0,5.0,3.0,3.0,3.0,3.0,4.0,3.0,4.0,3.0,3.0,5.0,3.0,4.0,3.0,4.0
58,4.0,5.0,1.0,1.0,5.0,1.0,1.0,1.0,1.0,1.0,2.0,3.0,3.0,3.0,3.0,1.0,4.0,4.0,5.0,4.0,2.0,4.0,2.0,2.0,4.0,5.0,3.0,4.0,4.0,2.0,2.0,3.0,3.0,3.0,4.0,5.0,3.0,4.0,3.0,3.0,5.0,1.0,5.0,5.0,1.0,4.0,5.0,5.0,5.0,4.0
59,5.0,2.0,3.0,3.0,2.0,1.0,4.0,3.0,1.0,3.0,1.0,3.0,3.0,3.0,3.0,4.0,4.0,3.0,4.0,4.0,2.0,4.0,2.0,3.0,4.0,5.0,2.0,2.0,3.0,1.0,2.0,4.0,1.0,1.0,3.0,5.0,3.0,3.0,3.0,3.0,4.0,3.0,3.0,4.0,4.0,2.0,2.0,3.0,3.0,4.0
60,5.0,3.0,3.0,4.0,3.0,1.0,2.0,3.0,4.0,4.0,2.0,4.0,4.0,4.0,2.0,1.0,4.0,4.0,3.0,3.0,1.0,3.0,2.0,3.0,4.0,1.0,2.0,2.0,2.0,2.0,1.0,4.0,2.0,1.0,4.0,5.0,1.0,1.0,1.0,1.0,5.0,3.0,4.0,4.0,2.0,5.0,4.0,3.0,4.0,4.0
61,4.0,2.0,3.0,3.0,3.0,4.0,3.0,3.0,3.0,3.0,2.0,3.0,4.0,5.0,2.0,1.0,4.0,3.0,4.0,4.0,1.0,3.0,3.0,1.0,4.0,4.0,2.0,2.0,2.0,2.0,1.0,4.0,3.0,3.0,4.0,5.0,3.0,2.0,3.0,3.0,4.0,4.0,2.0,2.0,4.0,2.0,1.0,2.0,2.0,2.0
62,5.0,3.0,4.0,2.0,3.0,2.0,2.0,2.0,3.0,2.0,1.0,4.0,2.0,3.0,3.0,1.0,2.0,3.0,3.0,3.0,2.0,5.0,2.0,3.0,4.0,3.0,3.0,2.0,3.0,3.0,2.0,4.0,2.0,2.0,3.0,4.0,2.0,3.0,3.0,3.0,5.0,2.0,4.0,4.0,1.0,3.0,4.0,4.0,4.0,4.0
63,4.0,2.0,3.0,3.0,2.0,3.0,4.0,3.0,3.0,3.0,1.0,3.0,4.0,4.0,4.0,1.0,3.0,4.0,3.0,3.0,2.0,4.0,3.0,4.0,4.0,4.0,2.0,2.0,2.0,2.0,1.0,3.0,4.0,3.0,4.0,3.0,3.0,3.0,3.0,4.0,5.0,3.0,2.0,4.0,2.0,4.0,3.0,3.0,2.0,4.0
64,4.0,4.0,2.0,3.0,3.0,2.0,3.0,1.0,3.0,1.0,2.0,3.0,3.0,3.0,4.0,5.0,3.0,4.0,4.0,3.0,2.0,5.0,1.0,1.0,5.0,5.0,1.0,1.0,1.0,1.0,1.0,2.0,4.0,4.0,2.0,2.0,4.0,4.0,5.0,3.0,4.0,2.0,3.0,3.0,3.0,5.0,4.0,3.0,3.0,2.0
65,4.0,4.0,2.0,3.0,4.0,1.0,2.0,2.0,3.0,3.0,1.0,3.0,4.0,4.0,2.0,1.0,4.0,4.0,3.0,4.0,1.0,4.0,3.0,3.0,3.0,3.0,3.0,3.0,3.0,3.0,2.0,1.0,4.0,3.0,1.0,2.0,5.0,5.0,5.0,5.0,4.0,3.0,3.0,4.0,2.0,3.0,4.0,3.0,3.0,3.0
66,5.0,2.0,3.0,4.0,3.0,3.0,4.0,4.0,3.0,3.0,1.0,1.0,4.0,4.0,1.0,3.0,4.0,5.0,4.0,5.0,1.0,4.0,1.0,2.0,4.0,2.0,2.0,2.0,2.0,2.0,1.0,2.0,3.0,4.0,2.0,5.0,3.0,4.0,4.0,4.0,4.0,3.0,4.0,3.0,2.0,5.0,3.0,4.0,4.0,4.0
67,4.0,2.0,3.0,3.0,3.0,1.0,4.0,4.0,3.0,4.0,2.0,5.0,2.0,2.0,4.0,1.0,3.0,2.0,1.0,2.0,2.0,3.0,4.0,3.0,2.0,1.0,4.0,3.0,3.0,3.0,2.0,2.0,4.0,4.0,1.0,5.0,4.0,3.0,4.0,4.0,4.0,3.0,4.0,2.0,2.0,2.0,2.0,3.0,2.0,4.0
68,5.0,3.0,4.0,3.0,3.0,1.0,4.0,4.0,4.0,5.0,1.0,5.0,1.0,1.0,5.0,4.0,1.0,2.0,2.0,1.0,1.0,4.0,3.0,3.0,4.0,5.0,4.0,3.0,2.0,3.0,1.0,3.0,3.0,3.0,4.0,5.0,3.0,3.0,3.0,3.0,4.0,3.0,2.0,2.0,5.0,1.0,2.0,2.0,3.0,2.0
69,5.0,2.0,2.0,3.0,3.0,4.0,3.0,3.0,2.0,3.0,2.0,5.0,2.0,2.0,4.0,1.0,2.0,1.0,3.0,2.0,2.0,3.0,4.0,3.0,2.0,3.0,3.0,3.0,3.0,3.0,2.0,3.0,2.0,2.0,3.0,4.0,4.0,3.0,3.0,4.0,5.0,2.0,3.0,3.0,2.0,5.0,3.0,4.0,2.0,3.0
70,5.0,2.0,4.0,5.0,1.0,1.0,3.0,4.0,4.0,4.0,2.0,3.0,3.0,3.0,1.0,3.0,3.0,3.0,3.0,4.0,2.0,3.0,3.0,4.0,3.0,1.0,4.0,4.0,3.0,2.0,1.0,3.0,3.0,4.0,3.0,5.0,4.0,3.0,4.0,4.0,5.0,2.0,3.0,2.0,2.0,2.0,3.0,3.0,3.0,3.0
71,5.0,4.0,3.0,2.0,4.0,5.0,3.0,2.0,2.0,1.0,1.0,3.0,3.0,3.0,2.0,3.0,3.0,3.0,4.0,4.0,1.0,5.0,2.0,2.0,4.0,5.0,2.0,4.0,1.0,1.0,2.0,3.0,4.0,3.0,2.0,3.0,3.0,2.0,3.0,3.0,4.0,4.0,1.0,1.0,3.0,4.0,2.0,2.0,1.0,2.0
72,4.0,4.0,2.0,2.0,4.0,5.0,3.0,3.0,3.0,3.0,2.0,3.0,3.0,3.0,2.0,3.0,2.0,2.0,3.0,3.0,1.0,5.0,3.0,2.0,4.0,1.0,1.0,1.0,2.0,2.0,2.0,3.0,5.0,3.0,2.0,3.0,4.0,3.0,3.0,3.0,4.0,4.0,3.0,3.0,2.0,5.0,4.0,4.0,2.0,4.0
73,4.0,2.0,4.0,3.0,4.0,5.0,5.0,5.0,4.0,3.0,2.0,4.0,2.0,3.0,2.0,2.0,3.0,4.0,3.0,2.0,2.0,4.0,2.0,3.0,5.0,1.0,2.0,2.0,2.0,3.0,1.0,3.0,3.0,2.0,3.0,2.0,4.0,3.0,3.0,3.0,5.0,3.0,2.0,3.0,3.0,5.0,3.0,2.0,3.0,2.0
74,4.0,2.0,4.0,4.0,3.0,1.0,3.0,3.0,5.0,3.0,1.0,4.0,2.0,2.0,4.0,5.0,3.0,2.0,2.0,1.0,1.0,3.0,2.0,3.0,4.0,2.0,1.0,3.0,1.0,2.0,1.0,3.0,3.0,2.0,4.0,2.0,3.0,3.0,3.0,2.0,4.0,4.0,3.0,3.0,3.0,2.0,3.0,2.0,3.0,2.0
75,5.0,4.0,1.0,1.0,4.0,5.0,3.0,3.0,3.0,2.0,2.0,2.0,3.0,2.0,3.0,2.0,3.0,3.0,3.0,3.0,1.0,3.0,3.0,3.0,2.0,2.0,2.0,3.0,2.0,3.0,2.0,4.0,3.0,3.0,3.0,5.0,4.0,4.0,2.0,4.0,5.0,2.0,4.0,3.0,3.0,4.0,2.0,4.0,3.0,3.0
76,4.0,2.0,5.0,5.0,2.0,1.0,5.0,4.0,5.0,5.0,2.0,3.0,3.0,2.0,4.0,5.0,2.0,1.0,2.0,2.0,2.0,2.0,4.0,5.0,3.0,4.0,4.0,5.0,4.0,5.0,2.0,3.0,4.0,2.0,3.0,5.0,2.0,3.0,3.0,2.0,4.0,1.0,4.0,3.0,2.0,1.0,3.0,2.0,3.0,3.0
77,4.0,3.0,3.0,3.0,2.0,1.0,1.0,4.0,4.0,3.0,1.0,1.0,5.0,5.0,2.0,3.0,4.0,5.0,5.0,5.0,2.0,2.0,4.0,4.0,2.0,1.0,3.0,3.0,3.0,4.0,1.0,2.0,5.0,4.0,1.0,5.0,5.0,5.0,4.0,4.0,5.0,3.0,2.0,3.0,4.0,2.0,2.0,2.0,1.0,2.0
78,4.0,4.0,2.0,4.0,3.0,5.0,4.0,3.0,4.0,3.0,2.0,1.0,5.0,5.0,1.0,2.0,4.0,5.0,4.0,4.0,1.0,5.0,1.0,1.0,5.0,4.0,2.0,2.0,1.0,1.0,1.0,3.0,2.0,4.0,3.0,5.0,2.0,2.0,4.0,3.0,5.0,2.0,3.0,4.0,3.0,1.0,4.0,4.0,4.0,4.0
79,5.0,2.0,4.0,4.0,2.0,5.0,4.0,4.0,5.0,4.0,2.0,2.0,3.0,3.0,2.0,4.0,5.0,4.0,3.0,3.0,2.0,5.0,3.0,2.0,4.0,5.0,2.0,2.0,2.0,4.0,2.0,1.0,5.0,5.0,1.0,5.0,5.0,5.0,5.0,5.0,5.0,2.0,3.0,3.0,2.0,5.0,4.0,4.0,4.0,4.0
80,5.0,1.0,5.0,4.0,2.0,2.0,4.0,5.0,4.0,5.0,2.0,2.0,3.0,3.0,4.0,2.0,4.0,2.0,2.0,3.0,1.0,3.0,3.0,3.0,4.0,1.0,3.0,3.0,3.0,4.0,2.0,1.0,4.0,4.0,2.0,4.0,4.0,4.0,5.0,5.0,5.0,4.0,2.0,1.0,5.0,5.0,2.0,2.0,2.0,2.0
81,5.0,3.0,3.0,2.0,2.0,1.0,3.0,3.0,3.0,2.0,2.0,2.0,5.0,3.0,1.0,3.0,5.0,3.0,4.0,4.0,2.0,5.0,1.0,2.0,4.0,2.0,2.0,2.0,2.0,1.0,1.0,4.0,1.0,1.0,3.0,3.0,2.0,2.0,2.0,1.0,4.0,5.0,1.0,2.0,5.0,4.0,1.0,1.0,2.0,1.0
82,5.0,2.0,4.0,4.0,2.0,3.0,4.0,5.0,4.0,3.0,1.0,3.0,3.0,3.0,3.0,2.0,3.0,3.0,3.0,4.0,1.0,3.0,4.0,3.0,3.0,1.0,2.0,3.0,3.0,2.0,2.0,1.0,4.0,4.0,1.0,5.0,4.0,4.0,4.0,5.0,5.0,4.0,2.0,2.0,5.0,1.0,2.0,2.0,2.0,2.0
83,5.0,3.0,3.0,2.0,4.0,3.0,2.0,3.0,3.0,2.0,2.0,3.0,3.0,3.0,4.0,2.0,2.0,2.0,3.0,3.0,1.0,4.0,2.0,2.0,5.0,4.0,2.0,2.0,1.0,4.0,2.0,4.0,2.0,4.0,3.0,1.0,3.0,4.0,3.0,2.0,5.0,2.0,4.0,3.0,2.0,2.0,4.0,4.0,3.0,4.0
84,5.0,1.0,5.0,5.0,1.0,2.0,4.0,5.0,5.0,4.0,1.0,5.0,1.0,1.0,5.0,5.0,2.0,2.0,1.0,1.0,1.0,4.0,4.0,3.0,3.0,1.0,3.0,3.0,2.0,3.0,1.0,3.0,3.0,4.0,3.0,3.0,4.0,3.0,3.0,4.0,4.0,3.0,3.0,3.0,2.0,2.0,3.0,2.0,3.0,4.0
85,4.0,3.0,2.0,3.0,2.0,5.0,3.0,3.0,3.0,4.0,1.0,3.0,3.0,5.0,3.0,5.0,3.0,4.0,4.0,5.0,1.0,3.0,2.0,2.0,4.0,1.0,1.0,2.0,2.0,2.0,2.0,2.0,4.0,5.0,1.0,3.0,5.0,4.0,5.0,4.0,4.0,4.0,2.0,2.0,3.0,4.0,2.0,2.0,3.0,2.0
86,5.0,3.0,3.0,3.0,3.0,2.0,4.0,2.0,2.0,3.0,1.0,4.0,1.0,2.0,4.0,2.0,2.0,3.0,2.0,2.0,2.0,2.0,2.0,3.0,3.0,3.0,2.0,3.0,3.0,3.0,2.0,4.0,2.0,2.0,3.0,5.0,2.0,2.0,2.0,3.0,4.0,2.0,5.0,5.0,2.0,1.0,4.0,4.0,4.0,3.0
87,4.0,4.0,3.0,3.0,2.0,5.0,3.0,3.0,2.0,4.0,2.0,4.0,2.0,3.0,3.0,4.0,3.0,2.0,2.0,4.0,2.0,1.0,5.0,5.0,2.0,4.0,4.0,5.0,4.0,5.0,1.0,4.0,2.0,2.0,2.0,1.0,3.0,3.0,3.0,3.0,4.0,4.0,2.0,2.0,4.0,2.0,2.0,1.0,1.0,2.0
88,5.0,3.0,4.0,4.0,3.0,4.0,3.0,3.0,3.0,3.0,2.0,3.0,3.0,3.0,3.0,4.0,3.0,3.0,3.0,3.0,1.0,3.0,5.0,4.0,1.0,3.0,5.0,3.0,5.0,4.0,2.0,1.0,3.0,4.0,2.0,5.0,4.0,3.0,3.0,4.0,4.0,4.0,3.0,3.0,3.0,1.0,2.0,3.0,2.0,2.0
89,5.0,4.0,1.0,3.0,4.0,5.0,2.0,2.0,3.0,2.0,1.0,3.0,2.0,1.0,3.0,4.0,3.0,2.0,2.0,1.0,2.0,4.0,2.0,3.0,4.0,2.0,4.0,2.0,1.0,3.0,2.0,3.0,3.0,3.0,3.0,5.0,4.0,2.0,3.0,3.0,5.0,2.0,4.0,5.0,3.0,4.0,5.0,4.0,4.0,4.0
90,4.0,3.0,2.0,3.0,3.0,1.0,3.0,3.0,2.0,3.0,2.0,2.0,4.0,3.0,3.0,3.0,3.0,3.0,3.0,3.0,2.0,1.0,5.0,5.0,1.0,4.0,4.0,5.0,5.0,5.0,2.0,5.0,1.0,1.0,5.0,5.0,1.0,1.0,1.0,1.0,5.0,3.0,4.0,4.0,3.0,1.0,4.0,4.0,4.0,5.0
91,5.0,3.0,3.0,2.0,3.0,5.0,2.0,3.0,3.0,3.0,1.0,2.0,4.0,5.0,2.0,3.0,4.0,4.0,5.0,5.0,2.0,1.0,4.0,4.0,2.0,3.0,5.0,4.0,4.0,4.0,1.0,1.0,4.0,4.0,3.0,3.0,4.0,4.0,4.0,4.0,5.0,4.0,3.0,3.0,4.0,5.0,3.0,4.0,3.0,5.0
92,4.0,4.0,3.0,1.0,5.0,5.0,2.0,2.0,2.0,2.0,2.0,3.0,3.0,3.0,3.0,3.0,3.0,3.0,2.0,2.0,2.0,4.0,2.0,2.0,4.0,1.0,3.0,4.0,2.0,2.0,2.0,3.0,4.0,4.0,3.0,1.0,3.0,5.0,4.0,4.0,4.0,4.0,3.0,2.0,3.0,5.0,3.0,1.0,2.0,2.0
93,4.0,3.0,2.0,3.0,3.0,2.0,2.0,2.0,3.0,3.0,2.0,2.0,5.0,2.0,3.0,1.0,4.0,4.0,3.0,3.0,1.0,3.0,3.0,1.0,4.0,1.0,2.0,2.0,2.0,2.0,1.0,3.0,4.0,2.0,3.0,5.0,2.0,4.0,4.0,4.0,5.0,3.0,2.0,3.0,3.0,3.0,4.0,5.0,4.0,4.0
94,5.0,5.0,1.0,1.0,4.0,5.0,1.0,1.0,1.0,1.0,1.0,5.0,2.0,2.0,5.0,2.0,2.0,2.0,1.0,2.0,2.0,2.0,3.0,5.0,3.0,4.0,4.0,3.0,3.0,3.0,2.0,3.0,3.0,3.0,4.0,5.0,3.0,3.0,3.0,4.0,4.0,2.0,3.0,3.0,2.0,4.0,3.0,5.0,4.0,4.0
95,4.0,5.0,2.0,1.0,4.0,1.0,1.0,2.0,2.0,3.0,2.0,3.0,2.0,3.0,4.0,1.0,3.0,1.0,2.0,2.0,2.0,2.0,4.0,4.0,2.0,2.0,4.0,5.0,3.0,4.0,2.0,1.0,5.0,5.0,1.0,5.0,5.0,5.0,5.0,5.0,4.0,3.0,4.0,4.0,3.0,4.0,3.0,4.0,3.0,4.0
96,4.0,3.0,3.0,3.0,3.0,2.0,3.0,5.0,3.0,3.0,1.0,3.0,4.0,3.0,3.0,3.0,4.0,3.0,4.0,3.0,2.0,1.0,4.0,5.0,2.0,1.0,5.0,5.0,5.0,5.0,1.0,2.0,4.0,4.0,2.0,4.0,4.0,4.0,4.0,4.0,5.0,1.0,5.0,3.0,2.0,1.0,5.0,4.0,4.0,3.0
97,5.0,2.0,5.0,4.0,2.0,5.0,4.0,3.0,4.0,4.0,2.0,3.0,4.0,5.0,3.0,3.0,5.0,4.0,4.0,4.0,1.0,3.0,5.0,4.0,2.0,5.0,2.0,3.0,3.0,3.0,2.0,4.0,3.0,2.0,3.0,2.0,2.0,2.0,3.0,3.0,5.0,3.0,2.0,2.0,4.0,5.0,2.0,2.0,3.0,2.0
98,4.0,3.0,3.0,2.0,4.0,3.0,3.0,3.0,3.0,2.0,1.0,5.0,2.0,2.0,4.0,3.0,2.0,2.0,2.0,2.0,1.0,2.0,1.0,2.0,4.0,5.0,2.0,2.0,3.0,4.0,1.0,3.0,2.0,4.0,3.0,3.0,3.0,3.0,3.0,3.0,4.0,3.0,3.0,4.0,3.0,3.0,4.0,3.0,4.0,4.0
99,4.0,3.0,4.0,4.0,4.0,2.0,3.0,3.0,4.0,3.0,1.0,2.0,5.0,5.0,1.0,1.0,5.0,5.0,5.0,4.0,2.0,4.0,2.0,2.0,2.0,5.0,3.0,3.0,3.0,2.0,1.0,2.0,4.0,4.0,2.0,5.0,4.0,4.0,4.0,5.0,5.0,3.0,4.0,3.0,3.0,1.0,4.0,4.0,4.0,3.0
100,5.0,2.0,4.0,5.0,2.0,5.0,3.0,4.0,3.0,5.0,2.0,3.0,4.0,2.0,3.0,4.0,3.0,3.0,2.0,2.0,2.0,2.0,5.0,3.0,1.0,3.0,5.0,3.0,3.0,3.0,1.0,2.0,4.0,4.0,2.0,3.0,4.0,5.0,4.0,5.0,5.0,1.0,4.0,5.0,1.0,4.0,3.0,5.0,4.0,3.0
101,5.0,2.0,4.0,4.0,2.0,1.0,4.0,3.0,2.0,3.0,1.0,3.0,4.0,3.0,4.0,3.0,2.0,2.0,4.0,2.0,1.0,4.0,2.0,1.0,4.0,1.0,1.0,3.0,2.0,2.0,1.0,5.0,1.0,1.0,5.0,2.0,2.0,1.0,1.0,2.0,5.0,1.0,5.0,4.0,1.0,1.0,5.0,4.0,5.0,5.0
102,5.0,2.0,4.0,4.0,3.0,3.0,3.0,5.0,4.0,4.0,1.0,4.0,3.0,2.0,2.0,5.0,2.0,2.0,2.0,2.0,1.0,1.0,4.0,5.0,1.0,5.0,4.0,4.0,5.0,3.0,2.0,4.0,2.0,3.0,3.0,1.0,3.0,2.0,3.0,3.0,4.0,2.0,4.0,5.0,1.0,4.0,5.0,5.0,5.0,5.0
103,5.0,3.0,3.0,3.0,3.0,3.0,4.0,4.0,4.0,2.0,2.0,4.0,3.0,3.0,4.0,3.0,2.0,2.0,3.0,3.0,1.0,3.0,2.0,3.0,4.0,1.0,2.0,3.0,3.0,3.0,2.0,5.0,2.0,2.0,4.0,5.0,2.0,2.0,1.0,2.0,5.0,2.0,4.0,4.0,2.0,4.0,4.0,5.0,4.0,4.0
104,4.0,4.0,3.0,2.0,3.0,1.0,2.0,2.0,3.0,2.0,2.0,2.0,5.0,5.0,2.0,1.0,5.0,5.0,4.0,4.0,2.0,3.0,4.0,3.0,2.0,2.0,5.0,4.0,4.0,3.0,2.0,4.0,4.0,4.0,2.0,5.0,4.0,4.0,3.0,4.0,4.0,3.0,2.0,3.0,4.0,2.0,4.0,2.0,3.0,3.0
105,4.0,3.0,2.0,4.0,2.0,5.0,3.0,3.0,2.0,4.0,2.0,1.0,5.0,4.0,2.0,1.0,5.0,4.0,5.0,5.0,1.0,3.0,4.0,4.0,1.0,5.0,4.0,5.0,3.0,3.0,1.0,4.0,2.0,3.0,3.0,5.0,2.0,3.0,3.0,1.0,5.0,3.0,2.0,2.0,3.0,5.0,2.0,3.0,2.0,2.0
106,5.0,1.0,5.0,5.0,2.0,1.0,5.0,5.0,5.0,4.0,2.0,3.0,2.0,1.0,5.0,2.0,1.0,2.0,2.0,1.0,2.0,1.0,5.0,5.0,1.0,5.0,5.0,5.0,5.0,5.0,2.0,1.0,5.0,5.0,1.0,1.0,5.0,4.0,4.0,4.0,5.0,3.0,3.0,4.0,3.0,4.0,4.0,5.0,5.0,4.0
107,5.0,1.0,4.0,4.0,1.0,1.0,5.0,5.0,4.0,5.0,1.0,3.0,3.0,2.0,4.0,1.0,3.0,1.0,2.0,3.0,1.0,4.0,3.0,3.0,4.0,5.0,2.0,2.0,3.0,3.0,1.0,1.0,3.0,3.0,1.0,5.0,4.0,4.0,5.0,4.0,5.0,5.0,1.0,2.0,4.0,2.0,2.0,2.0,2.0,1.0
108,5.0,1.0,5.0,5.0,1.0,1.0,5.0,5.0,5.0,5.0,2.0,1.0,5.0,5.0,1.0,1.0,5.0,5.0,5.0,5.0,1.0,3.0,2.0,2.0,3.0,3.0,3.0,3.0,3.0,4.0,1.0,2.0,3.0,4.0,4.0,5.0,3.0,3.0,3.0,2.0,4.0,3.0,4.0,3.0,3.0,4.0,2.0,3.0,2.0,3.0
109,5.0,2.0,5.0,5.0,2.0,5.0,4.0,4.0,4.0,4.0,1.0,3.0,3.0,2.0,3.0,1.0,2.0,2.0,3.0,3.0,2.0,4.0,3.0,3.0,4.0,4.0,3.0,3.0,2.0,3.0,1.0,5.0,1.0,3.0,4.0,5.0,2.0,2.0,2.0,2.0,5.0,4.0,2.0,3.0,5.0,1.0,2.0,2.0,2.0,2.0
110,4.0,3.0,3.0,3.0,3.0,2.0,3.0,4.0,2.0,3.0,1.0,3.0,3.0,3.0,2.0,1.0,3.0,3.0,4.0,3.0,1.0,4.0,3.0,4.0,3.0,1.0,3.0,3.0,2.0,3.0,1.0,3.0,2.0,3.0,3.0,4.0,1.0,3.0,2.0,3.0,5.0,4.0,1.0,2.0,4.0,4.0,3.0,1.0,2.0,2.0
111,4.0,3.0,3.0,2.0,4.0,2.0,2.0,3.0,2.0,1.0,1.0,1.0,5.0,5.0,2.0,5.0,4.0,4.0,5.0,4.0,1.0,3.0,3.0,2.0,3.0,1.0,3.0,1.0,3.0,2.0,1.0,1.0,2.0,3.0,2.0,5.0,4.0,4.0,3.0,2.0,4.0,3.0,2.0,3.0,2.0,1.0,4.0,3.0,4.0,3.0
112,5.0,2.0,3.0,3.0,3.0,3.0,2.0,5.0,3.0,4.0,2.0,2.0,4.0,3.0,1.0,1.0,3.0,3.0,4.0,4.0,1.0,3.0,4.0,4.0,1.0,5.0,4.0,3.0,4.0,3.0,1.0,1.0,4.0,5.0,3.0,5.0,4.0,5.0,3.0,4.0,4.0,2.0,4.0,4.0,2.0,3.0,4.0,3.0,3.0,4.0
113,4.0,2.0,4.0,4.0,2.0,5.0,4.0,4.0,3.0,5.0,2.0,5.0,1.0,1.0,5.0,1.0,1.0,1.0,1.0,1.0,2.0,2.0,3.0,4.0,2.0,4.0,3.0,4.0,5.0,4.0,2.0,3.0,3.0,3.0,3.0,2.0,3.0,3.0,2.0,3.0,5.0,3.0,4.0,3.0,2.0,4.0,4.0,4.0,3.0,5.0
114,4.0,5.0,1.0,1.0,4.0,5.0,1.0,2.0,2.0,1.0,1.0,3.0,4.0,4.0,4.0,1.0,4.0,3.0,4.0,3.0,1.0,4.0,2.0,2.0,2.0,1.0,3.0,3.0,3.0,3.0,2.0,5.0,1.0,1.0,5.0,2.0,1.0,1.0,1.0,1.0,5.0,3.0,3.0,2.0,3.0,4.0,3.0,3.0,4.0,3.0
115,4.0,4.0,2.0,1.0,5.0,1.0,2.0,2.0,1.0,1.0,1.0,1.0,4.0,4.0,1.0,1.0,4.0,5.0,5.0,5.0,2.0,3.0,3.0,2.0,4.0,3.0,2.0,2.0,3.0,2.0,1.0,3.0,4.0,4.0,3.0,5.0,4.0,4.0,3.0,4.0,4.0,4.0,3.0,3.0,4.0,5.0,3.0,3.0,3.0,3.0
116,5.0,3.0,2.0,2.0,3.0,2.0,2.0,2.0,3.0,2.0,2.0,3.0,4.0,2.0,3.0,1.0,4.0,3.0,4.0,2.0,1.0,4.0,2.0,3.0,2.0,4.0,3.0,2.0,4.0,2.0,1.0,5.0,2.0,1.0,5.0,4.0,1.0,2.0,1.0,1.0,5.0,3.0,2.0,1.0,3.0,1.0,3.0,2.0,1.0,4.0
117,4.0,3.0,1.0,2.0,4.0,1.0,2.0,2.0,3.0,2.0,2.0,4.0,2.0,2.0,4.0,2.0,3.0,1.0,2.0,2.0,1.0,5.0,2.0,1.0,4.0,5.0,2.0,2.0,3.0,3.0,1.0,4.0,1.0,1.0,5.0,5.0,1.0,1.0,1.0,1.0,4.0,2.0,4.0,4.0,2.0,4.0,3.0,3.0,4.0,3.0
118,4.0,5.0,2.0,1.0,5.0,3.0,1.0,2.0,2.0,2.0,1.0,4.0,2.0,2.0,4.0,1.0,2.0,1.0,3.0,2.0,1.0,3.0,3.0,4.0,3.0,4.0,4.0,4.0,3.0,3.0,1.0,2.0,3.0,4.0,3.0,3.0,4.0,5.0,4.0,4.0,5.0,2.0,3.0,3.0,4.0,1.0,3.0,2.0,2.0,3.0
119,4.0,3.0,4.0,3.0,2.0,3.0,4.0,3.0,5.0,4.0,2.0,3.0,3.0,3.0,3.0,1.0,3.0,2.0,3.0,3.0,1.0,3.0,2.0,4.0,3.0,2.0,3.0,3.0,4.0,4.0,1.0,4.0,1.0,3.0,4.0,1.0,1.0,1.0,2.0,1.0,4.0,4.0,2.0,2.0,4.0,2.0,2.0,4.0,2.0,3.0
120,4.0,1.0,4.0,5.0,2.0,1.0,5.0,4.0,4.0,5.0,2.0,3.0,3.0,4.0,2.0,1.0,5.0,3.0,4.0,3.0,2.0,2.0,4.0,3.0,3.0,1.0,4.0,5.0,4.0,4.0,2.0,3.0,3.0,2.0,3.0,1.0,4.0,3.0,2.0,3.0,4.0,3.0,4.0,5.0,2.0,2.0,3.0,4.0,3.0,3.0
121,4.0,3.0,3.0,3.0,2.0,4.0,2.0,3.0,3.0,3.0,2.0,1.0,5.0,5.0,1.0,2.0,5.0,5.0,5.0,5.0,2.0,1.0,4.0,5.0,1.0,3.0,4.0,4.0,4.0,5.0,2.0,4.0,4.0,4.0,4.0,3.0,4.0,2.0,3.0,2.0,5.0,4.0,3.0,2.0,5.0,5.0,2.0,2.0,2.0,3.0
122,4.0,5.0,1.0,1.0,4.0,2.0,1.0,2.0,2.0,2.0,2.0,3.0,3.0,3.0,3.0,4.0,3.0,3.0,3.0,2.0,1.0,3.0,4.0,4.0,2.0,5.0,3.0,4.0,4.0,3.0,1.0,3.0,1.0,1.0,3.0,5.0,2.0,2.0,2.0,2.0,4.0,3.0,3.0,3.0,3.0,3.0,3.0,2.0,3.0,3.0
123,5.0,3.0,4.0,3.0,3.0,5.0,4.0,3.0,4.0,4.0,2.0,2.0,5.0,3.0,2.0,1.0,3.0,3.0,4.0,4.0,1.0,3.0,3.0,2.0,2.0,5.0,3.0,4.0,5.0,4.0,1.0,3.0,3.0,3.0,2.0,3.0,3.0,3.0,3.0,3.0,4.0,4.0,2.0,3.0,4.0,5.0,2.0,2.0,2.0,2.0
124,4.0,5.0,2.0,3.0,4.0,3.0,1.0,2.0,2.0,2.0,1.0,4.0,1.0,1.0,5.0,1.0,1.0,1.0,1.0,2.0,2.0,1.0,5.0,5.0,1.0,5.0,5.0,5.0,4.0,5.0,1.0,4.0,2.0,3.0,3.0,5.0,2.0,3.0,3.0,2.0,4.0,4.0,1.0,2.0,4.0,1.0,2.0,2.0,3.0,2.0
125,5.0,4.0,1.0,3.0,3.0,1.0,2.0,2.0,2.0,2.0,1.0,5.0,2.0,1.0,5.0,4.0,2.0,1.0,3.0,2.0,2.0,3.0,4.0,3.0,3.0,3.0,3.0,4.0,3.0,4.0,2.0,2.0,4.0,3.0,3.0,1.0,3.0,4.0,3.0,5.0,5.0,4.0,3.0,3.0,4.0,2.0,3.0,4.0,2.0,3.0
126,4.0,2.0,4.0,4.0,2.0,4.0,4.0,4.0,5.0,3.0,2.0,3.0,3.0,2.0,3.0,1.0,2.0,3.0,2.0,3.0,1.0,3.0,3.0,3.0,3.0,1.0,2.0,2.0,2.0,2.0,2.0,3.0,2.0,3.0,3.0,5.0,2.0,3.0,3.0,3.0,5.0,1.0,3.0,3.0,2.0,1.0,4.0,4.0,3.0,3.0
127,4.0,2.0,4.0,4.0,3.0,1.0,4.0,5.0,3.0,4.0,2.0,2.0,4.0,4.0,4.0,2.0,3.0,2.0,3.0,3.0,2.0,3.0,3.0,2.0,2.0,5.0,3.0,3.0,3.0,3.0,2.0,4.0,1.0,2.0,4.0,4.0,3.0,3.0,3.0,3.0,5.0,3.0,3.0,4.0,3.0,1.0,5.0,3.0,4.0,2.0
128,4.0,3.0,2.0,3.0,4.0,1.0,2.0,3.0,2.0,3.0,1.0,4.0,3.0,2.0,4.0,3.0,4.0,3.0,2.0,3.0,2.0,4.0,1.0,2.0,4.0,3.0,1.0,1.0,2.0,1.0,1.0,5.0,2.0,3.0,4.0,5.0,2.0,2.0,3.0,3.0,4.0,2.0,4.0,4.0,3.0,1.0,4.0,4.0,4.0,3.0
129,4.0,3.0,3.0,4.0,3.0,2.0,2.0,4.0,4.0,4.0,2.0,2.0,2.0,3.0,4.0,1.0,3.0,3.0,3.0,4.0,2.0,3.0,4.0,3.0,3.0,1.0,4.0,3.0,4.0,4.0,2.0,4.0,2.0,2.0,4.0,5.0,2.0,2.0,3.0,2.0,4.0,2.0,5.0,4.0,3.0,2.0,3.0,3.0,3.0,3.0
130,5.0,4.0,2.0,3.0,4.0,2.0,2.0,3.0,2.0,2.0,2.0,3.0,4.0,2.0,3.0,1.0,2.0,2.0,3.0,3.0,2.0,5.0,3.0,3.0,4.0,4.0,4.0,3.0,3.0,3.0,1.0,2.0,4.0,3.0,4.0,5.0,3.0,3.0,4.0,4.0,4.0,2.0,4.0,3.0,2.0,5.0,4.0,4.0,2.0,4.0
131,5.0,2.0,3.0,4.0,3.0,1.0,4.0,4.0,4.0,3.0,1.0,2.0,3.0,3.0,4.0,2.0,4.0,2.0,4.0,4.0,1.0,4.0,2.0,2.0,2.0,5.0,2.0,1.0,1.0,2.0,1.0,4.0,3.0,3.0,4.0,5.0,3.0,1.0,2.0,3.0,4.0,4.0,3.0,2.0,3.0,3.0,3.0,3.0,2.0,3.0
132,4.0,3.0,2.0,2.0,4.0,3.0,2.0,3.0,3.0,3.0,1.0,2.0,4.0,3.0,3.0,1.0,4.0,3.0,3.0,4.0,1.0,3.0,1.0,2.0,4.0,4.0,3.0,1.0,1.0,2.0,2.0,4.0,2.0,2.0,5.0,4.0,2.0,1.0,2.0,2.0,4.0,2.0,3.0,3.0,3.0,1.0,3.0,4.0,2.0,3.0
133,4.0,5.0,2.0,1.0,5.0,3.0,2.0,3.0,1.0,2.0,2.0,4.0,1.0,1.0,5.0,1.0,2.0,1.0,1.0,1.0,1.0,2.0,4.0,4.0,1.0,5.0,4.0,3.0,5.0,5.0,2.0,3.0,3.0,3.0,3.0,5.0,3.0,2.0,2.0,1.0,4.0,3.0,2.0,2.0,4.0,2.0,3.0,4.0,3.0,3.0
134,4.0,3.0,3.0,3.0,3.0,3.0,1.0,2.0,3.0,1.0,2.0,4.0,2.0,1.0,3.0,1.0,1.0,1.0,2.0,2.0,1.0,3.0,3.0,3.0,2.0,2.0,3.0,3.0,3.0,3.0,2.0,3.0,3.0,3.0,3.0,4.0,3.0,3.0,2.0,3.0,5.0,1.0,4.0,3.0,2.0,5.0,4.0,3.0,3.0,3.0
135,4.0,3.0,3.0,4.0,2.0,1.0,4.0,3.0,3.0,3.0,2.0,1.0,5.0,4.0,2.0,3.0,5.0,4.0,5.0,4.0,1.0,1.0,3.0,5.0,3.0,2.0,4.0,4.0,4.0,3.0,1.0,3.0,3.0,3.0,4.0,3.0,3.0,2.0,1.0,2.0,5.0,2.0,5.0,4.0,2.0,2.0,4.0,4.0,4.0,4.0
136,4.0,3.0,2.0,1.0,4.0,3.0,1.0,2.0,2.0,1.0,1.0,4.0,3.0,2.0,3.0,4.0,3.0,2.0,2.0,3.0,2.0,3.0,3.0,4.0,2.0,5.0,3.0,3.0,3.0,3.0,1.0,2.0,3.0,3.0,2.0,4.0,4.0,3.0,4.0,3.0,4.0,3.0,3.0,4.0,2.0,5.0,4.0,4.0,4.0,3.0
137,4.0,3.0,4.0,3.0,4.0,4.0,3.0,2.0,3.0,2.0,1.0,3.0,2.0,3.0,3.0,1.0,2.0,2.0,3.0,2.0,2.0,2.0,3.0,3.0,3.0,2.0,3.0,3.0,3.0,3.0,2.0,3.0,3.0,2.0,4.0,3.0,3.0,2.0,2.0,3.0,4.0,3.0,1.0,1.0,4.0,5.0,2.0,2.0,2.0,2.0
138,4.0,1.0,4.0,4.0,2.0,1.0,4.0,4.0,4.0,4.0,2.0,1.0,4.0,4.0,2.0,3.0,5.0,4.0,4.0,5.0,2.0,3.0,3.0,3.0,2.0,5.0,3.0,3.0,2.0,4.0,1.0,3.0,3.0,2.0,4.0,3.0,2.0,3.0,4.0,2.0,4.0,3.0,3.0,4.0,5.0,3.0,2.0,2.0,3.0,2.0
139,4.0,4.0,4.0,3.0,4.0,1.0,2.0,3.0,3.0,2.0,2.0,4.0,3.0,3.0,3.0,5.0,3.0,3.0,3.0,2.0,1.0,2.0,3.0,3.0,1.0,3.0,4.0,3.0,4.0,3.0,2.0,2.0,4.0,4.0,3.0,3.0,3.0,4.0,5.0,5.0,4.0,3.0,4.0,3.0,4.0,2.0,3.0,3.0,4.0,4.0
140,4.0,5.0,1.0,1.0,5.0,5.0,1.0,2.0,2.0,1.0,2.0,2.0,4.0,4.0,2.0,2.0,5.0,3.0,4.0,4.0,2.0,4.0,2.0,2.0,4.0,5.0,3.0,3.0,3.0,3.0,1.0,3.0,3.0,4.0,3.0,4.0,5.0,4.0,4.0,4.0,4.0,5.0,1.0,1.0,5.0,1.0,1.0,1.0,1.0,2.0
141,5.0,3.0,3.0,3.0,3.0,5.0,4.0,3.0,3.0,2.0,1.0,4.0,2.0,3.0,4.0,3.0,2.0,2.0,2.0,3.0,1.0,4.0,3.0,3.0,1.0,4.0,3.0,4.0,3.0,4.0,1.0,4.0,2.0,2.0,4.0,5.0,2.0,3.0,3.0,3.0,5.0,2.0,4.0,2.0,2.0,3.0,4.0,4.0,3.0,3.0
142,4.0,3.0,3.0,3.0,3.0,3.0,5.0,3.0,4.0,4.0,2.0,1.0,4.0,4.0,1.0,5.0,5.0,4.0,5.0,4.0,1.0,2.0,4.0,5.0,2.0,1.0,4.0,5.0,4.0,4.0,1.0,2.0,4.0,3.0,1.0,1.0,4.0,5.0,3.0,4.0,4.0,2.0,3.0,3.0,3.0,4.0,3.0,3.0,3.0,2.0
143,5.0,5.0,1.0,1.0,4.0,2.0,1.0,1.0,1.0,2.0,2.0,3.0,3.0,4.0,1.0,1.0,4.0,3.0,4.0,2.0,2.0,2.0,4.0,3.0,1.0,1.0,4.0,5.0,5.0,4.0,1.0,3.0,3.0,4.0,2.0,5.0,5.0,4.0,4.0,5.0,4.0,1.0,5.0,5.0,1.0,5.0,5.0,4.0,5.0,4.0
144,4.0,2.0,4.0,5.0,2.0,3.0,5.0,4.0,4.0,4.0,1.0,2.0,3.0,4.0,3.0,1.0,3.0,3.0,3.0,3.0,1.0,3.0,4.0,3.0,5.0,5.0,3.0,3.0,3.0,2.0,1.0,2.0,4.0,4.0,2.0,4.0,4.0,3.0,4.0,4.0,4.0,2.0,2.0,3.0,3.0,4.0,4.0,4.0,3.0,4.0
145,5.0,3.0,4.0,3.0,2.0,5.0,3.0,4.0,3.0,3.0,1.0,3.0,3.0,2.0,3.0,5.0,3.0,3.0,3.0,3.0,1.0,3.0,3.0,4.0,2.0,4.0,3.0,4.0,2.0,4.0,2.0,2.0,3.0,4.0,2.0,5.0,4.0,3.0,3.0,4.0,5.0,3.0,4.0,3.0,2.0,2.0,4.0,3.0,2.0,4.0
146,5.0,4.0,5.0,4.0,2.0,1.0,3.0,3.0,4.0,3.0,1.0,2.0,3.0,4.0,2.0,1.0,4.0,4.0,4.0,3.0,1.0,2.0,4.0,3.0,4.0,1.0,3.0,4.0,3.0,3.0,1.0,2.0,3.0,3.0,3.0,3.0,3.0,4.0,2.0,2.0,5.0,2.0,3.0,5.0,2.0,5.0,3.0,3.0,4.0,4.0
147,5.0,2.0,5.0,3.0,2.0,2.0,4.0,4.0,4.0,3.0,2.0,3.0,3.0,3.0,4.0,2.0,3.0,3.0,3.0,2.0,2.0,3.0,2.0,4.0,3.0,5.0,4.0,3.0,3.0,3.0,2.0,4.0,3.0,2.0,5.0,5.0,3.0,2.0,2.0,2.0,5.0,4.0,4.0,2.0,3.0,5.0,2.0,3.0,1.0,2.0
148,4.0,3.0,3.0,4.0,3.0,2.0,3.0,3.0,4.0,2.0,1.0,5.0,1.0,1.0,5.0,1.0,1.0,1.0,1.0,1.0,2.0,2.0,3.0,4.0,3.0,5.0,4.0,3.0,4.0,4.0,2.0,4.0,1.0,2.0,5.0,2.0,1.0,2.0,1.0,2.0,5.0,3.0,4.0,3.0,4.0,2.0,4.0,3.0,3.0,2.0
149,4.0,3.0,3.0,4.0,3.0,1.0,3.0,4.0,3.0,3.0,2.0,4.0,1.0,3.0,3.0,5.0,2.0,3.0,3.0,3.0,2.0,2.0,3.0,4.0,2.0,2.0,3.0,4.0,4.0,5.0,2.0,2.0,3.0,3.0,3.0,3.0,2.0,3.0,5.0,4.0,4.0,3.0,2.0,4.0,3.0,3.0,3.0,3.0,4.0,4.0
150,4.0,3.0,2.0,3.0,4.0,5.0,3.0,3.0,3.0,4.0,2.0,2.0,3.0,4.0,3.0,1.0,4.0,3.0,3.0,3.0,1.0,1.0,4.0,5.0,1.0,1.0,5.0,4.0,5.0,5.0,1.0,3.0,2.0,3.0,3.0,5.0,4.0,2.0,4.0,3.0,5.0,2.0,5.0,3.0,2.0,4.0,3.0,3.0,5.0,4.0
